bid1,bid2,bid3
108.59404096375481,149.9339147904397,162.20101926193016
134.0273305065435,124.79855879561889,163.47713459198837
119.31231524471247,152.1963415687051,155.52524015138303
164.74234202649947,174.19842218704693,146.77444465011752
149.28814692552882,121.19734951749165,163.0471946366785
163.71199907451714,154.43468993316628,163.26860203999257
134.27532800332224,109.93783786136927,151.96463581076983
155.27126467472908,175.5224298897124,162.07180945606098
156.50383578255634,164.24680998564594,143.4919747637297
132.8898279924359,126.39019058104961,112.70094930121407
158.96151075582983,133.08398673185553,160.1122396125669
158.1729675147901,129.7145292541133,158.85473467081766
165.8780421159785,152.4711812863433,150.5689377570992
152.6817358934732,141.0722055006011,164.08528801575147
142.14988121913893,145.07183179663298,153.69575172334257
157.9008621537737,122.4946171165135,153.48285673011702
159.48243787996077,144.0127174196608,162.0935801821661
147.24556351679965,116.77301141777846,163.169772489379
142.8550679058174,145.5687682082823,152.86866120725628
137.35640023088905,147.6354598889879,150.19725647861807
150.34708466321828,167.58097649504958,148.79125380453877
163.17604159939177,135.61573319100444,163.98208866684388
164.00792301976588,111.45904948901257,158.14431249918005
137.77937186678588,135.82039689480985,158.51309673040248
118.78847800955512,160.085892111317,161.2675825583741
104.97969122824591,171.49457537823338,150.86689058946757
66.66737198045854,128.56113827452955,154.46966651217346
145.9989305974156,159.0417286996967,155.49066489646603
109.97367116460423,140.3202448672722,158.25988161261716
107.20805270937608,134.88480412585923,144.02178615281235
120.74294702574477,158.27952977597238,142.91981877429993
174.7366515809671,123.9273419177616,151.97900820520044
159.7740531178082,161.32970593496853,162.4355763297959
146.64857319848397,137.2033531979693,155.35993795809728
139.26128923949074,141.0964842914791,162.23258656234825
146.53315713623996,119.4801204500002,154.52770128056818
147.28611636140926,151.0374764135263,152.7818543913826
139.70100432200638,100.65330560660126,152.84927692651615
120.45719809720325,136.1331645073554,157.09764088503508
138.4455992048202,144.88569851787318,146.7235136584465
159.79068167765158,129.0610206491707,150.96735510306092
85.56137833250048,115.86137949224877,162.98827466540908
116.76543913946911,146.6663353542719,138.23546625569566
144.75976341295086,121.18659326264262,163.23552872481872
124.94449784599779,119.57184551407151,142.43473468663234
161.01442845038756,112.48410088935938,140.26872788722528
110.51688443175345,131.90473764903385,162.65264970023475
171.00854784078288,119.49112547529519,157.71442636579033
139.525793285538,107.76365896828906,162.61299458547762
130.3091889066718,151.35125713546526,153.0687001529296
130.0982136306482,131.45335431519385,120.19519417846251
166.02766798204678,159.77929844735442,134.13541977961387
107.37254830457428,131.40855849941346,160.81656760103994
123.85068701567538,136.58413700416784,144.44546920352485
120.03020055084664,109.8263026577433,161.68482089254138
145.06233856484704,98.09204158418284,151.98624977479963
146.05249552433816,109.75211130536766,163.55149246478615
131.9654970951345,117.8133154015929,158.13753863278
117.47000275126456,77.6791353318109,150.27082631875982
131.6870336158539,139.0409967196098,139.85888518692133
155.87312451167114,143.27387135347882,133.59964864835564
146.92391605810755,152.05850935625062,153.2644122980432
96.00665531148152,168.2434791074097,158.7303979831497
130.60736691825048,152.7419116890206,155.0649044176443
149.8437603955098,131.98291191712505,158.54091465192914
150.40658843800992,97.03331793101151,121.08150914337091
140.38637587502961,169.31940851238042,140.41482522154394
133.41179639016016,144.58150215121225,150.26468492134262
158.60048110847262,149.36764379573836,163.2614266397953
121.65134582761475,136.81838021584446,164.0829395898222
128.67272434736657,116.43694070231437,160.12741496198078
133.20673455639866,165.38558832338896,163.2025998261096
98.60064054099149,125.76730703506355,155.9161277977636
174.3497765010998,148.37234941662697,151.05781807535186
92.93300831780616,132.66990390035443,117.86250894103271
116.77764951799261,144.28194350541574,157.3011478914113
119.35956081803027,168.1794814605719,138.3711973853201
160.40916405376282,149.99782678890605,148.24559809767476
125.81463193643296,137.46909186637552,158.29584001271868
165.5079530936984,111.65810402053854,162.51012704520198
136.6705972063052,121.21405102647728,163.3795478973737
119.71850963433332,101.32358868866194,162.9561974224793
134.52942612754833,93.22061896272484,163.77882529506542
107.07644583334285,150.17940152258947,162.61063695734532
110.59093723955426,103.49652350069921,146.80148033067968
141.8038979844297,153.74852898878433,161.72029698643738
148.18511033702887,110.09098334614416,117.7248846733689
172.72629784835087,171.23055195410598,164.05907336682577
166.89740571246938,145.13439850311215,154.42314192052348
152.77016288028895,155.67325726404104,163.20279032737986
172.48684517782547,163.63869721720644,161.23990259398414
130.0831797209287,165.9423140134003,163.86606505905186
152.81633917879532,106.79410347685271,158.42541504567606
130.04723050484455,132.26412976964681,155.55056288278365
113.18724853807281,142.1666103601579,145.51475273346847
169.22088684048,118.94016659677473,136.68581682244042
128.88742501296903,170.5971711248071,162.0795668604942
169.09201760929764,141.86599548288794,160.0904354369427
105.54979065246286,144.3036178976185,138.31405118436913
157.76353131802995,155.99164907562042,134.0348958248715
125.7110294903809,151.0297458845652,159.04850825417068
117.78270998355863,137.0109040684179,162.89979572752503
121.48816284229774,163.75531589385494,150.14056347100782
120.74855934160827,182.34892997983968,163.08513789687163
142.06186764905945,110.09123711403909,163.53711843916898
137.5390579030612,135.06756948132437,160.1297389603933
101.77720456943148,137.73911027684733,154.81783119181358
109.57390592361752,130.56960685314638,164.04337083501972
169.5452607035342,174.3383059322657,161.60090787054392
136.5801161708311,151.10242246292577,161.89150839302877
106.54263777140537,139.14623451784166,155.7466122779651
150.04057757703274,150.81607985243974,161.41863424955488
100.8360932953726,173.10463303865268,150.66030521581936
138.32840719199532,94.69542393914833,152.35733360809985
148.3484512303242,133.49094119803203,127.43895951570863
142.49575996641772,142.118773855606,149.44915781669434
139.96411708585924,149.57087149541627,151.62286772633288
103.76283680236332,178.3597668594329,151.03726528093114
151.2797897746018,124.2301254544184,162.48032111395034
119.97870907918104,167.90686038139165,160.86250431229632
142.61287975846756,110.2320072380414,159.0882077293038
164.39885459708842,151.76463272083294,161.56612788176903
120.70186524240351,159.4147145609846,159.9325409856696
132.49864652098248,139.19717327171017,163.45410958601408
125.46448450010402,138.91055165978992,145.7626663058971
107.57553726277185,144.2280473975137,124.2286482561566
155.16237278561294,144.00255868069684,151.3828894607349
128.38176926615992,139.13826830089346,161.7816683963694
164.74847218136978,151.16689565302573,158.85468125310132
170.80191611229105,141.73783862816674,164.06857647340493
137.1293614944193,159.05064996511442,164.09569781127198
141.19583352201417,152.75423515828152,143.353372626176
172.68655203160654,115.16599960302415,118.04616865772734
151.61721201255793,124.37296364790616,157.15923370934976
141.86505871178733,151.95922370794275,131.39218198642885
154.8852673690906,140.84096174503057,150.90086038237777
155.68593281430802,134.7498960562594,164.09322408885518
123.17045817879978,117.42381076492282,159.957695676786
155.6494132951219,127.61695411700141,158.2063681978608
164.06671639842747,142.84002428689234,160.9968982679946
129.23709710677937,106.53110062828347,155.46145821587098
179.03025905845504,141.2671844317233,154.48145656841962
141.39313870200522,156.87209861125348,162.03116538402068
143.52060599458156,123.64928561840773,150.8947202160468
158.72854037257952,107.46206850881543,151.16642593556855
160.25077473447442,103.30958006239489,158.5498208700891
116.7462500465513,162.20242844723884,162.58327921940165
145.49453584710352,165.54848050899696,159.79392233200804
156.62184210742163,130.7188438466198,158.94315959595193
157.22867261981008,128.56919080969683,133.5378457076703
127.59072579414293,140.80400950307262,158.143718275872
143.26419008507344,153.0618288456798,144.28005913920933
161.64689475728312,163.75546393717224,163.35807315011303
114.03429335691091,119.20463747215669,149.73085545822062
147.06136093133816,138.57445298052093,126.44047117317582
141.80794403173485,168.83613667047914,163.66078877941322
139.86889504100395,155.43806516467208,158.96955712653659
133.94589164785373,163.4776466746524,152.61124976426345
127.47779750163511,150.37362601848517,140.72381505519326
152.43340905992093,139.250574838323,147.19988218229705
71.0571996740448,170.1364404391282,147.86238614567318
141.12754451490935,125.83575563275446,137.54669191554666
125.8189497221972,165.99954535418752,134.50422029941996
138.11158304208104,114.89198841688678,151.85254884989982
149.1859337359013,149.9344411674764,118.37234508381586
159.82645550570444,150.38103927077768,158.33803375848402
127.02665481923447,140.81842565125794,164.1037372174484
102.32955787697932,129.59157108684107,162.20893167291325
125.06686026766971,105.85799858842242,163.07529290826142
135.36503308922053,111.95190406683211,163.17021080054656
137.52208433372456,153.4033442098755,141.84374851281015
111.49844635884071,142.26019129046887,137.79136021890272
133.43049872671344,126.81042667390194,151.66254739471353
149.89579454944817,123.62165768424647,143.55227450025066
170.12415603698787,138.44406876961898,158.83990814039575
146.9746619232591,146.7653311866905,153.3275937120928
116.97840334370825,107.3773082838164,153.52605528826263
139.52996223603415,140.41894360605772,163.22222829174783
161.8860765010364,127.54050532367485,161.37575091289122
152.69901613343106,143.9323837360027,163.79253823402115
130.16479408881014,138.8999783941835,162.74274755776975
158.70341905686686,133.85058565659935,130.88025303206447
176.41797722538928,165.294501409967,157.6266017109461
142.5508105256915,142.94769964903188,127.7500827642946
125.21209625246557,141.76962012263434,160.51757755717642
139.18842552543595,133.61272477659776,112.5556667062407
145.51691973721526,140.53816252119478,158.54348659318748
104.14063597073631,149.12539465710924,140.11117383033434
80.60728661901736,174.9323250170291,158.77950947844445
156.00301482519802,117.22447439603081,163.0895764157407
109.46564791020684,152.14806983097668,162.7539754195783
154.40344670347997,138.38089461491438,159.32035811691964
144.32660317629242,182.4110484931116,113.28063277926123
129.3741863038011,100.32949962917534,161.31886623777146
126.01077291305012,134.5365330846977,149.44134596629857
170.94043602737557,139.10286095520604,158.74009371797902
145.37133767451832,156.00006337908047,163.20928124155517
139.73143307882262,170.43559955828817,151.59367868651418
147.68536198973263,146.7725654615703,163.91978662859216
138.4711670153962,142.4794729278402,123.42687788107868
94.81431554283776,163.8008128264583,146.50658815588588
144.29756321927283,151.25660885170691,134.97738550652028
130.22471096621305,116.94286629730877,125.34319568790174
124.10190035184772,119.40088887718574,157.38400656514452
161.0908650351251,146.464128016423,157.88832376689547
118.14161591647238,110.70886603821606,138.26718883316624
175.6811259818327,165.26511600104422,157.73274620025995
141.5245116605727,115.45234617794083,163.54486441470235
145.40224104856787,137.95678656975898,158.6077034215782
127.20820388495841,133.4068675240639,160.97449684043772
105.65403096151529,155.06169604124858,154.9796045529496
103.90780847607812,158.99835140273007,160.36735575913102
85.9581641373674,109.36303671504999,145.13423947535298
95.50721789458687,171.41123119113266,162.30000149389767
148.13835276475922,164.40619308550603,115.02972585106093
148.69589898539988,135.27058086975336,160.9075167440157
144.93740885396642,125.43248911254493,162.2023388948977
130.63380200396506,143.81579368433273,156.3897508281868
171.30899600125892,112.92748001169757,114.1161387550392
158.3957365291076,122.7492219227206,122.7257832805741
154.8490004418644,119.78568998891188,153.42625633925982
60.48393261451358,108.01582264418396,134.82338220939366
125.3811067161985,109.07573085824153,160.98296610137265
142.73668687998503,135.35963918556436,161.29761354765753
142.74220702418913,126.26606945758482,153.29433228062467
136.84871810170048,171.26191473989937,141.95180189347937
139.7412917740087,95.36656190910914,162.3848536624815
108.41790008568415,155.31612103496724,147.1011273267441
130.57575882309328,151.17368900594965,162.7402927597666
135.7724553064207,131.40158075792357,163.61995278385413
122.80921651745662,132.05159065065232,160.71889030170044
141.90993609506805,125.38586570794311,127.72926862328359
111.69582119158217,113.94189294915952,162.2817257807191
165.4136037507459,131.57540234130346,158.69213459663894
168.3663084616345,123.80283487669728,144.11544738306327
162.01867724443574,125.5339919328803,145.03063187982076
134.73042483934816,107.77729871157352,164.09691644993936
146.35103592913455,139.55083860724253,158.98927831844713
112.20459071844923,151.81877341920267,163.80232708608852
132.33436807612182,137.9982591294624,133.1825082954401
165.04911589622571,84.93214733378967,140.80653165250712
138.2416081627564,159.83612504679314,157.1526550965957
151.89844849633585,135.477313608143,162.66509322100273
151.80819961680504,133.72469297448055,163.85904391627224
158.1975667770361,152.61077101532302,161.65287698846853
135.23403220041493,156.39815195486455,141.51288538495697
119.63293642825252,123.15862489864622,159.89320339050136
129.16641144504146,85.89112749354567,151.09280603877312
127.18339670943193,144.57418836434672,154.21826137510038
107.12591649746435,158.38712190942866,158.0824061296729
127.34839227930705,113.18219898207744,149.60272147091717
140.0527555919224,161.3866721223233,159.19588797808404
154.0461532432957,153.9173715084484,151.36800987964077
168.96992248545754,143.16829494757533,164.05081284687745
164.59416420996075,130.39966856491,145.16718450863578
130.40001532447354,152.1803124620212,153.85996445126924
142.64599300158167,135.0132221584213,163.80465936186124
129.93655474473843,166.85367022817485,160.4161249356689
125.027544555293,152.7778919662063,152.44525705318674
142.04260784289255,178.9295803820755,164.06753429245433
148.49817797989235,132.60687538404002,136.09227602304404
156.46295904931947,140.88064368884454,158.09049640482962
137.02053306849854,161.2582900097611,154.5494777537461
141.63934173040272,164.5079909472046,144.64804387369793
145.2727278256063,156.7974601407629,142.09333104364592
126.31091454674294,145.04992870610903,145.71940478198883
156.24397484991957,137.13695544366456,151.25493254115761
151.9099927344245,168.53519506506802,151.1888005189757
163.827812896487,124.60865583221121,160.8475123661427
161.56837699883317,120.56437493624681,162.9473846018153
157.5741366150463,153.06204964433368,156.34555071429807
148.42637009507425,118.19027908789951,160.88729285959212
124.30887755913818,148.13835631155425,131.33160619109424
135.58559976249583,141.35593986436055,130.6110904390132
173.85237299187966,167.18541807937265,161.80167869160647
159.70638865173188,162.88083602438934,153.641035016201
150.73350113101185,94.39014088720285,148.1623296584717
100.46276091975025,145.639956055453,146.4752699754336
154.55049220479748,127.81126031105319,154.9295233324257
118.97624591748567,115.46616426758813,163.77900018778195
161.2569741639704,139.440689465112,162.84049718722937
142.29537769390691,149.36452720429807,155.75696750534084
98.41812108916777,175.84946485937013,162.77445782477832
122.03877739533863,154.065126292498,162.52342817468855
144.72671199495326,113.42787231107678,163.74674795331694
166.9592762304656,127.6790385948669,129.78983006047665
136.0467393468746,131.46044690727535,140.55812740418997
143.48811252921317,168.9190739103614,162.81115923627337
135.24399428800348,135.37307046290576,149.89734571952465
158.89968055995982,151.99033422526935,149.149659198804
87.34458603819066,137.55402015466527,148.01997739476886
162.75835294381108,152.52198680165827,163.3607987318472
119.68360640826663,140.774217103276,117.70744288969742
176.50930706771496,132.32103122850057,162.9947909705909
160.4361955325021,145.25330488872234,142.9492435909809
132.60637307310188,143.38212205384704,126.3611311598682
132.43065899905025,145.81716380594412,162.3838083015527
91.68521352614654,118.69542110272816,148.53835387705234
157.75258821111228,129.31116229324806,162.17925427958738
173.88547528497168,157.3343337052667,163.8037280584989
157.79487567260333,138.0659153448292,158.97288407868092
163.00685269841472,127.32036334372647,161.16955791993607
114.21549532670245,110.24153117002334,161.39846323105277
159.1549180969661,150.2462370427917,156.14896549059495
164.59222209864802,168.28080178472314,162.42213003065294
155.1701020729353,92.72784172584966,154.43559972756083
122.91814390354459,146.16585453078494,147.39159107427437
116.04490040148431,134.64795082137843,161.09833369574102
121.1614953644492,129.22391650003323,154.34099479009865
164.9879215264825,143.22560958693393,141.3750109748702
152.80214821563527,175.50886005005165,161.63213164854943
147.67379841936244,133.53680581938752,158.581129868793
112.28248860860232,110.48337886189039,155.59438022913665
141.01212805052975,141.60036771840038,147.8832736820812
162.1699741544377,160.56894292469747,142.6182200437351
101.13859223559031,109.84386585670121,164.0112982504485
149.39798157428496,128.01071172489085,162.99545285349953
151.13121396552125,151.22712378667802,162.33768036576754
150.31074615360296,117.33334100678935,158.7427421254611
146.8221823065976,151.9257330238641,149.09314760274327
112.31625259687245,122.90503277733053,150.98212476644653
153.83056002586093,159.56717582420305,158.88146198079627
150.25861892482482,106.39858041500969,148.28267048122459
157.65853237815068,109.7294001756954,147.06718634103066
139.0757468599811,103.21167433607395,146.45780909889723
154.49062445991777,90.18348653794605,160.4497529225278
139.47247187478686,162.47444789803535,152.28727656724567
112.97577861998629,138.36358995228957,154.6257586364985
108.8287171325688,150.64678025430138,160.97595759572474
164.97556285793607,139.42556729379942,158.44705034439875
171.88435682130816,107.30794005078053,132.27894554555735
162.2944985640611,89.48288854183345,163.1430242404976
151.9678176264063,127.42354611423708,161.1637719656037
112.78932310514946,113.26180753955578,162.0825729116313
160.82745568741538,113.40637430344194,146.06070917579592
163.22792413246654,148.11405372099182,146.82272659744956
132.96718625351753,133.4146458466648,153.24937405712865
140.83014412302782,108.73031937230364,154.36147672365624
114.24081873684376,169.32681705716203,151.06957199117127
128.67541534349832,150.34053457797563,163.85365728124995
104.15704495467274,151.70379188487746,159.10777673505189
160.5731542543912,143.25407839415652,157.1994742972054
118.6995636604324,161.68124696277346,159.29848339857452
141.82205632700592,128.40016955883542,163.26924062736424
128.1547839620828,143.5145996516423,147.96757034494146
159.68719781370856,98.24081275119933,155.21020337963037
125.13282228476723,149.37702586612576,154.30243210687144
162.62082492857454,150.4466075616299,159.85837026339607
111.22960925490334,152.80955262036193,152.74221218522302
172.23198825587994,127.2101348212461,164.070164838933
102.50038623881886,168.56395986101532,160.93065100930716
120.31988920494761,145.20800532205996,129.42501502817422
127.76691589724169,126.14699748212055,141.2838073270563
149.59505879106996,133.81385819307786,155.2298805114921
155.68252767413986,152.50851227320615,141.65034817554502
114.14540765521235,175.7612775970619,163.04979822670626
171.5635068592193,133.03776763563963,159.38445067858405
139.6725478874131,168.1842448849569,149.05077918820618
137.904462332225,142.85553547428646,160.40921896013415
109.64444928546823,108.56626856026543,161.09396233664557
126.80813056163188,161.8656099512579,157.04673084390947
116.56082178808077,149.59387524413015,161.33703435020766
137.52152252724227,153.49819656934258,162.3372309675367
142.81583581466123,161.60587860974002,164.05579439651146
169.14006661074325,156.55004420503556,154.1202742149515
165.23165832479472,108.05438051081606,151.09016408020636
84.39604521945579,154.01528704693277,158.6318910116571
161.4304750292711,134.88890668649185,157.6178263684741
168.9230769091913,162.02028706965913,143.76359224907964
103.46564900409602,144.60357387737503,155.82811586270302
181.8259518103315,149.6503538418016,124.31944711217058
170.69046945818152,130.01647477289552,156.33481749248233
129.54614004919335,147.172738764196,118.69103298017595
171.00364952762132,145.74120905833462,156.20591638378946
163.62070532583937,144.24995541871448,161.24714285550593
108.90017753408664,109.73737526764438,149.80931121256413
167.94136256265935,147.17612399659416,155.78791908914127
123.23045238990275,109.07630160796735,155.63132672273272
161.99956304519674,150.99516962151813,105.00120558967092
125.86866186371051,131.3047934149282,155.14901596667823
128.57761541903878,171.34882909201312,157.02548818986614
111.66772793864699,120.90852257297385,139.82432493408123
80.80266489451337,171.59555004466708,162.56015429228677
122.29840000592996,158.02274661624875,163.98080345396522
108.33638879642258,116.27090041016659,152.93679880820517
168.89507813392916,144.1968277453448,156.76366065097986
169.34424504768486,159.24790439328297,162.85663888360904
167.722683570994,145.88146995270262,163.78520366405127
163.06754687980032,119.01309305036192,148.7461303763752
101.79092870012664,137.30374781834752,154.92041759277532
129.8686949171666,128.64329214411245,154.98958447958816
132.45705876171854,158.39424683556487,164.09616915539954
144.6236505208547,157.35806098893465,162.9032537697315
153.49244315304261,151.1805970906895,149.23538634891824
171.59643962213238,146.8134843520412,163.19145425044726
122.32422296735436,98.69197598920303,154.76484849795264
144.3090120333076,123.61989628781477,163.94154175060498
124.12979164433006,116.77302233259881,156.42414035222308
119.56471977942302,115.57621706042111,152.4345359319826
104.46432079742628,158.08356724549566,149.53407344245161
162.95162564429577,133.78131527660108,163.72868071187506
160.94637977262036,123.91264098219887,163.72105743816516
123.8758000759889,152.30991247696662,145.59661803421545
118.61620601099821,129.84760966863536,164.01509514771297
133.3041743368208,143.87391056337069,154.91436354206002
119.16373988530432,148.7019301478872,162.528062827831
128.93442500391927,113.3360198624139,153.5905283353944
159.60565422138473,118.45166481878667,143.04573716459402
140.8075488462526,162.57419831235853,160.23156784714558
148.47980683207248,131.30854845979465,151.98172573666673
149.51726524755938,140.6189364471228,148.8933230812249
134.19890764828872,129.36060362644795,154.55239781846524
133.0034431925818,120.198878378601,160.1060039274972
146.52021730068472,154.85745930572065,151.26391430882242
119.4495596719108,143.1432739368548,158.08307504091735
135.00123030898945,154.68445730651862,162.0982032737567
155.32816907039074,162.8074465776862,153.554965766679
127.79951105220051,127.65800724437328,115.85425402901464
148.16449169348823,153.95543506168485,157.33370097460477
163.9228388766075,161.47053285379093,163.0630027427095
115.51695499301154,165.41330678089187,150.24469106205257
97.7588519466945,147.8774559848229,160.62650752727248
144.89199044139698,139.2932632491189,156.23475238070955
174.14567724126317,109.45944738246864,157.53920128078076
150.82073019086602,104.38101699516608,162.0622219682547
119.07434228498512,78.20170703840347,156.96311828778275
151.94264828900936,124.60103106300477,133.3559234297561
148.19157601976423,150.64957806954635,160.55859566446358
161.00074827409432,136.89331040050385,162.017754425346
143.36085361355254,128.50089226743097,131.47757609588157
127.47998201877421,134.0915346187175,114.39276103631926
176.32181675314104,153.7640319360363,144.4686270450937
152.9851171491819,136.25436310472898,163.25249109889194
144.30342066883455,131.53832675438966,146.3282400050279
148.78119170378037,149.7904280188712,150.1514338680563
141.67105611707595,136.88161525869907,160.44696431111063
62.57126350472478,125.10935712524486,150.3303858486696
150.55255509256227,151.56557746503177,160.33539917022662
146.16304476950083,120.15958711399688,148.45354485837711
157.73891874870773,142.76108382487612,161.63736639654306
118.47132537552206,155.26399220771196,160.20483172457108
111.48558532974553,143.9025461785954,141.6549855845293
117.10816557065851,160.26692491186674,147.9741173706203
159.46680281008864,149.2733062940032,154.96877566081903
119.45036605735106,115.6244275744667,155.69753040655948
107.45864904414897,116.15504969544511,161.42229254589995
129.63198926663046,173.4200396447982,159.20149989592787
162.64423662724067,153.48381571526292,163.36836104702618
148.3095566111867,128.7150963400755,147.7850896738328
151.59002642414833,124.6220435548816,162.5832025093842
141.5195683778514,103.1562878554752,140.4516828817857
146.05238664923277,141.77955419112905,147.38899287354684
121.34407865482783,152.99544590018002,131.16210776993952
140.72446773272785,144.08385732921136,153.75132071801954
102.96613363102824,165.35186422708077,162.83291625963344
155.87361868080788,149.925482634605,163.91651297193008
141.41182177286186,153.258629744978,156.10793490754745
137.54141461399067,142.95156876487138,141.24887273967371
135.17105040581984,99.1910114674988,163.49860173770048
167.4815384390704,145.8238712076184,159.83544665912478
143.8565694882454,159.4234416016549,155.74202912441706
146.6459581239889,146.0685477528203,163.87119268230535
137.71933955314054,135.56304675610858,139.41600280429222
151.81258268324308,132.48004302288092,157.50512859691
157.06142713841547,102.66538437053929,162.93805930513793
130.58725646909144,132.3536990151052,152.71073836427783
157.25892386549748,112.15719926867635,158.76628268563394
145.2136962258898,168.88384701157128,161.57235132170666
148.403090873952,168.5727163844726,145.38777668837272
160.58201275581723,119.83601000782816,157.3026438769969
158.48009256424464,128.26002769434024,163.91256746554723
169.52874207792448,171.7180937299395,158.1679881501073
178.5114232885945,139.48894710440783,160.54637124609243
178.83884150969166,143.70488291977145,163.6745436423001
111.12041606540554,122.00024053280039,161.10187404197026
117.52731917992652,168.48633565847595,154.45647976170164
145.18468570575033,113.09260387570295,163.50503890128073
150.08419777835536,132.94681411142315,161.11917771709375
136.62242547913812,139.9340090763501,130.23785123189856
131.96992414365712,132.22961322703182,158.08518633325386
128.26381135138345,153.58469845784236,130.377607826535
142.74014902981625,168.49566187072446,129.3048392952626
151.97860306604613,140.20560088253518,155.58401477508838
139.1556370213207,166.6994703830848,159.7503177447831
154.67859625171317,148.7910728375356,144.9563857831141
147.24748880036276,106.6121095052059,163.0651671156334
125.86941687911198,132.94647813462964,133.12303195454894
155.65552657856526,153.05199391321253,138.89787384293726
125.74375220919082,151.99171288206716,160.12671641981754
138.72734265471234,153.4593319022374,162.9786091459356
127.8510607477806,180.25598955888475,147.59124328921948
164.0899759346116,101.4290403869792,163.246603021424
138.60852737066608,124.51826720445759,154.03530876205903
134.3741526099633,153.69194894304613,160.09823488926818
151.73719471991183,164.33163578036385,150.8536582458653
148.55333970883558,136.32060469906045,158.81117777172656
139.39466836561448,130.237440751553,163.30808739404694
168.78631698949124,151.62398644927495,159.28098061367353
143.72634990707445,142.70283058611903,159.62252268562852
156.08547287729002,164.23235397865727,125.57900917552931
128.18954197226432,166.6063180032023,160.62626128710494
135.21727549377178,142.5732990385966,160.8249967058226
115.4943495413589,134.37407456818053,163.8824191461506
150.7352375281492,171.72528094908304,160.36826425081878
136.34417597348195,124.4862055062371,156.00217326608137
170.93503974900563,155.08574742175907,140.73133191331658
167.82242524132042,132.06873755245985,143.6808222143885
153.9967034561968,132.9557125469968,142.50220933456336
96.45692258191072,166.72527617796973,130.01850872332426
149.41667947010697,175.0893106090757,157.23865021918283
164.09006592976118,128.2831559955683,163.3031028830039
140.3789538573782,135.72625803330808,160.7499708780643
133.58457646781287,129.96404034105237,158.16329993801148
132.66335510575922,125.72179913756119,159.07532424604622
145.27507316812043,109.61630431969827,159.38839640294958
122.2773271138894,156.93215098408675,134.5997001441816
147.421815993022,141.0380326538173,147.49943609248615
167.5759107178226,162.43334146383506,152.84276449766514
137.77378741388043,129.66733213763771,131.26364902068119
113.422274790274,119.2667440230603,140.7997042757456
141.86310554043155,119.14070420003308,161.08930629254078
134.22068808197523,166.3986321152348,140.6201583120901
116.52766816793644,155.3547894872546,157.62277927018513
154.92461827106803,113.77319841857692,159.14810770572467
128.76394337140852,139.72899285477482,142.17046656407913
165.54723661873592,161.62867992481193,137.1159610183159
130.41650772729304,179.860911387277,149.6751646461393
162.78392915546974,154.11373202572196,162.10514932697282
140.6543993054607,134.82367246671808,130.97605515134836
150.07818770246908,160.9707785467095,144.19636994447995
101.45878059241441,149.97841740643997,147.10533377478836
106.37026637807146,164.0800431241798,156.6206524604661
166.69419258981827,124.93312807367683,164.01649229455995
180.27522911753562,130.62439795787566,162.45280225608343
129.3480375995757,116.99676772873525,158.31967302859294
132.33522132485777,148.56870768476202,162.6350714919836
106.53015216183258,104.69429379208265,131.00237312341747
130.6013277908806,106.68279807101817,159.95525987379096
168.5647487431076,116.90064467220003,158.6576217887571
164.1631847196056,126.49839570811434,159.0301181529418
108.50219610574895,146.34658514990065,163.5676403991262
142.81732388222952,127.31430916698241,158.12636570159611
151.03305866922213,131.1099463263267,164.05206113544153
144.40298850497655,104.77343952634713,161.9607630608909
93.11587122261683,175.18394323669716,141.50197788932326
140.22230364911212,155.22898134258787,130.00880216803708
140.57854198046388,143.70169722730262,163.4416228779429
156.27415411420813,122.5045173243695,150.0446097075151
138.43096020120677,151.83922471210104,138.75803353818554
144.91247951026062,104.873778438135,161.5961572348662
123.12627364129335,171.40047246311832,163.13155460305404
126.0072326708452,142.14429012253768,152.68488743703878
111.6788418093316,150.17173035861,128.27051521306396
165.9357721126554,146.33577694765515,129.28526423871506
121.00028343416639,139.17494908119372,158.17464442906135
141.56371640800077,132.35681295733886,163.9984183026443
135.7357652213711,150.99846532945398,143.04036502693847
154.16999387808335,135.41042258485595,151.86376322706332
155.8940094299435,128.48548690114174,157.89526735679323
152.23625772462515,161.68169698401428,163.82770051242642
146.52587780754396,164.6686080129117,163.2921614082542
148.32818815441684,153.21819949687608,162.98209134876308
129.00934164099866,144.40446997927054,155.10295625360564
108.46111109129964,126.71988880159009,150.30337626444077
150.35836667743558,173.76746731221482,163.44135932323255
127.33605619504746,174.46716882584764,163.85967127993382
121.73334461457945,112.47305914715947,149.5084204801063
180.1671341524336,144.1072900009633,162.82735748014568
132.19208582328918,133.6782948388422,160.8407987226985
101.12156863300547,132.3361883603901,158.21018241538323
127.73453570145975,141.61783715335625,157.4205544786326
119.11118825863541,141.27087905060893,163.96362911218463
154.53444443618326,148.9674441995656,161.00351292850885
146.54626907991795,138.51929854711915,139.36370086920894
153.65401238360772,118.789443579862,158.0398215420731
142.94246437965904,124.26437645339969,163.29951199895405
180.97149095153623,145.9838159867107,158.4371269602899
165.51562936385676,161.78228155977905,144.71252746386895
131.30477529213448,147.96600980868476,145.75772134801915
124.35181913850104,117.78633311063687,162.98470808381666
111.77262382072395,125.56180847855931,162.960504595212
142.29514742157977,158.38409928833366,157.39213390188937
148.8607775763289,148.92975292984372,156.9192090724711
120.11655502537438,112.62596111743886,140.0107599218557
130.37102180701447,134.6369277489274,164.04854582633476
150.00337978560455,101.20670403506635,157.84636653421435
121.63899947198138,155.80989626222927,118.31823839584355
129.91489631604742,119.40267398984929,159.88463063386098
119.1289669609629,145.84772713540292,154.96335841730163
153.55847324647382,157.2183468601594,160.37616187334746
166.53735076145756,151.3168546774096,158.91893920668272
158.07392469904,169.35344980277043,163.20349126893333
131.09769572987008,122.51054446667835,154.21921273346643
120.61773071314663,150.55226481040154,153.3504233412001
153.04543334143506,136.13704569865558,163.64946837534384
161.61998261792914,121.19571879248805,142.72039256298623
150.6022088299078,156.51425987021685,162.21955757505566
107.90116148343684,161.9924939269361,162.81408352945982
131.47813132467016,172.530217747052,156.6653957261758
146.08716751482615,126.21251807883729,155.66187707004897
127.83836531924571,123.20840633415547,157.95095453934394
136.02488060641102,148.34997204745034,155.91191485954346
154.2562954125371,171.6351117802401,158.01092565180997
128.04907653210114,163.68085834291418,150.35750135186825
141.68729027059072,118.13425088240467,140.96557438831744
132.60356607770478,154.59582349724337,161.59412395152114
125.24610452375512,144.87803207064005,163.71040054335202
109.07656078439852,140.4157828004112,156.87901879316775
139.9201851811863,117.86274695417426,151.98366242631712
119.67022791655099,168.17312505736948,160.78310319987955
111.37285713379381,124.98440861862542,159.71769574264601
150.25790872149165,159.9942468193408,146.86277712129782
153.81931631455944,109.59924252479306,163.9816746980962
140.24803587833014,163.00647886481644,147.7989894820174
122.68404876081276,134.0659521474858,152.98538247936833
135.4293070865488,137.30122050342894,136.9529608389382
136.82261607992575,147.11737081171452,163.8239310218229
117.96870340593397,121.64649258772312,153.86974935790965
170.60846972325422,141.28217038199406,163.73192396701955
173.10699123623556,131.10288768133523,154.8093955765333
117.69001134177117,158.25941236135247,162.24485774373844
170.5699654632013,122.05473265940152,147.19054390523448
153.224519215084,97.95783085260756,163.837807095069
119.78158084223014,111.97036784300725,160.55184462688868
176.47682459972066,160.65260101642264,144.76219189989004
153.92429957821776,99.12842979499929,139.28322586469804
144.72628618381898,129.2967863986185,160.48076671311534
126.68621605805103,137.55841499654858,122.9189999384926
136.13810203436782,145.73910999314876,161.5544336054094
120.63380726882983,159.26640231969745,162.55832865039818
136.47352797352582,124.79061460214092,146.5564904139031
141.89192356686408,127.87627446729566,157.68077115863363
129.87339880447513,163.24165893350803,139.06918344929016
134.25720036501548,171.66710414335088,162.63770909071593
150.28339499783007,90.50343485896121,162.52093676804174
95.63947401930855,105.60005214921844,155.20867535163413
100.50155695073703,119.48908525905765,149.19381963645466
147.93567352974955,143.85215348543315,148.8303049779818
152.3800881066688,132.42166497561132,143.54504755895343
109.33282792882507,119.13300217265426,149.93810468221886
138.55258286285752,128.9635182532834,127.72120958489025
104.77197939405372,123.73664803102514,146.82369198012958
156.8870422352235,162.43920672964026,133.41191978830344
144.79563173843212,115.70601884850507,144.75612356714416
142.95753559575218,168.45920283366755,158.93395222782434
119.77451381713622,120.35868817789486,126.88202198798383
126.3337337606878,151.13122107422214,162.85918205508997
145.46877705583276,143.54793551894304,159.6153918939266
164.15770438096985,105.11199055430826,161.8381650980247
127.53699223690657,156.5346631017926,161.56150069720874
141.3645188771077,123.53384043494303,145.7650925418855
146.97888450378758,145.23374459223956,158.278076182967
142.75636550939987,160.43712542171534,148.42906594391124
127.93867943608527,181.14262814366143,150.98586542914742
143.1787451045378,107.45638797385452,156.48208752080234
136.15090610190478,172.2131235653346,162.68831706468387
171.3538333949311,172.61294972222268,151.71725384631395
123.59893640067645,129.83916020754148,148.12205043217472
133.95976495154966,151.0572605187476,161.30722666696562
123.69383313930106,128.37789199717275,163.51625881129604
76.65797260138213,135.4596571197923,163.947156108274
166.1487164926058,147.90864650592027,159.6075242512158
117.71747684835718,136.82597438699128,162.33397303061147
133.4704148679294,120.18219109501908,159.88431992181273
107.17005935956847,122.32149814297506,156.90206284402382
139.7248847741242,120.94768718386383,162.73703686418133
133.63991707392276,97.85001006933882,164.10023222405633
165.90088990875498,126.97951505235683,164.04076771789116
148.36384152035245,117.54669102857197,163.06234173770588
128.95530905921544,156.47441778270596,158.0724375378705
143.1588878081259,159.84439510293245,151.23262851448965
111.06180244357314,153.81776168982663,158.2975669393957
160.84940642278897,146.48532643649344,160.53728301531663
157.25578471850267,128.79284387783093,155.72679857902745
160.65529425837647,154.95414339440902,121.1669837920199
133.74197761441408,150.39385794168032,149.75094824388782
177.87917597238473,126.61036361447152,163.37872247828207
157.02152294163238,163.22648731302914,147.4335632315964
142.9472090118977,170.9366836742007,163.96563082512418
140.3467024060991,108.8776571393081,135.1812103274221
101.61429898084424,135.56762014951,153.31391581083713
138.75630882790097,103.93529160989648,154.75250460281984
163.30943340378928,139.42733096185503,162.72359681974234
163.02481173246588,161.483904563194,135.05056279628448
144.88257075323432,165.3920647593752,160.61305405416778
172.7656558000602,167.80778188492664,145.1550851409885
149.08998979458934,129.3829373434061,145.72128962605376
132.92652798745624,134.5708313317492,142.45472755813853
108.09970876255692,145.3669833782326,147.99038402094362
131.88293557698822,141.6580795252339,156.1254295433222
167.49941524001335,143.46287004231226,159.06220297363245
154.82885019926758,161.68169249193787,109.21088700359428
147.38759938241026,168.2140775506107,147.93638947481514
137.2807675964671,133.16607890037673,157.75377486918538
159.43059952749292,139.37378356097298,160.82412034354232
117.31863558779017,153.79791365677596,161.48772391975092
152.40067146426253,142.25275718858654,161.9990216125523
126.46294973151736,69.32189413217364,163.8784861901608
158.13221537205206,148.14578591808038,146.94404720354015
141.99725398591062,147.43829364386968,156.85017054463873
170.4132347661844,179.94911747485975,156.93604528884472
153.53525645659744,152.8852130209253,163.6907660417984
130.77078050812352,162.46170659671526,158.86049938575152
128.86167492089552,136.08704298572712,156.02714298439957
166.8214967135422,175.53070846868965,151.90864078977728
164.52299579139955,99.957368717939,148.09078703456814
129.33427041648272,161.24427855383894,139.37296941236363
122.02821505011906,134.23972002670484,136.18521483243777
143.83039104049226,163.86233681132157,163.78747160745564
140.96770980876326,132.49369689436685,164.0194014655212
167.6575407519853,158.88104897463265,161.5452175124682
147.2396615215909,155.35463139518785,146.3308999819967
154.53114305368777,149.95324207996802,149.70422673176415
148.32640106814634,169.08052477818944,161.93043128573782
118.25894649120643,144.21701344726253,157.4976913308876
114.99771357491832,90.59889491801785,160.82069837328586
136.02198713395848,157.27939245650614,159.31197535848014
132.14020713823996,129.42387622680545,158.4520299233121
159.00007425650952,148.564792710015,156.89379955450445
144.8512039784282,142.04403264404053,154.69436458432983
146.8326728476111,128.89929865124785,161.13913795645502
162.8292207526913,121.57332161815721,156.27845905501994
158.91829293917417,155.8045221828665,160.3804541798896
112.13127628010719,136.09197682850666,146.29450118704392
135.2248981399796,152.18269354257131,153.08637922294815
127.66256759942792,113.62664081959224,163.5722422393184
142.56715968008382,169.98685880728533,154.2798464164641
150.66447263165918,170.28953133067444,162.1767473079627
147.88472704320995,176.45911812800932,158.1215080437791
114.36934869629859,160.28923823203118,159.8305932273214
143.46288032251329,137.3084618194926,155.07048060799963
151.7455789447212,118.69657762549049,154.08470844730022
114.47297227324064,148.92499299959601,161.25685785734345
173.6416185878739,142.185539667924,155.11880047163922
139.13543068976193,113.80024265195215,162.31553966895302
127.27183213318595,108.73486004559616,163.78616492308453
115.94783703524296,133.62487931868537,160.28622870517026
153.84518281960766,146.9067078859346,151.01457589917507
145.2638987272509,162.45041334887782,145.6301348076469
122.73003805670353,136.0964446171773,163.1142949912583
137.32930394032505,137.85679320988638,160.9587363164655
160.0308103806368,152.34163436415443,153.42464386957658
117.09474388959201,134.48892079332768,137.02306646158075
148.07193984456487,157.65547949453148,163.73328350904268
138.0782288596814,139.2588600147524,159.15009782577647
144.57213584450432,118.58333883184929,162.74270328823005
109.54843108526849,157.74582640876469,150.4802270074286
165.67888107175804,131.8191233696838,162.68606325860338
101.17436985910163,121.21243438807674,153.4894550213171
133.5945728633482,153.879188341045,157.85834670064176
160.00193041030343,150.55132579011544,164.0963030201168
148.4065593483699,105.90629884998557,153.8341761266815
157.6155952171912,118.28585043757761,153.689907987066
141.51762283860222,143.05302093057705,146.37450167297197
147.76351789252888,158.40948707995247,163.79384859267026
113.04102083984637,100.00505533373058,155.09617385099426
92.77576650556642,179.26470612743944,163.76570997219744
118.38596255656152,105.59877415188262,163.171349356345
123.3010768128483,149.0658397916115,164.04763094028584
123.44165416212131,156.21630724261007,153.44078678934855
161.572616338563,125.91319311986979,132.34587931463358
117.79403634468767,170.70518638657722,157.8197945983951
156.4567892654594,136.0541537309742,154.58787391211186
159.7177728386184,149.86492286995116,150.7149975051296
131.71319445692507,164.05672223393157,159.366531206859
152.11064203229253,144.88849426624333,142.09352796624395
171.17979818542375,166.18319852830038,151.99382487523002
155.18675740001754,137.6663519479037,159.19242053707288
140.66516251902283,121.24746795304229,159.80995131970772
104.24228362508569,129.0882100434576,155.7545211541958
147.64420945006435,162.15870066720447,157.9758439979334
128.67973725473445,114.52184349762976,161.50559494241747
95.39471767193525,140.2286651624295,161.81246242103313
130.72264977073473,161.8702169747579,158.59834136162516
124.25548246756738,153.89964968618176,159.2705519401945
165.6230615471257,160.90650668248045,140.728727985474
110.07082395610874,144.0116712811532,155.1693638397346
139.91572236581194,123.42943854519281,152.1164766839174
100.0534277968292,142.8655798323736,147.9769618124062
179.86342689552262,154.1506349455463,142.4249042981917
132.18306213131828,144.2272252535362,127.50162985611658
133.32291257504414,125.14422257764738,155.83358070715428
147.67926906229735,170.7801045246343,135.11045182689202
133.60682870659002,148.16432864404285,158.62423278690773
99.10054998355032,154.34495207778724,131.49948233768671
140.37781017990002,131.40253738845914,162.70533835081707
134.50556305426608,116.92978488548839,163.46317325324628
138.75282053796516,137.78942328434235,154.2995866736622
146.73211850031674,159.90584154709717,157.66219430740162
139.27208500555486,181.47541865936287,152.11027762556185
122.36932137699871,146.43891565980846,143.97598504145654
112.3721178752044,151.77051509949152,161.58708467518287
113.59711542871136,146.7187392199729,149.49184638677846
128.01614488202446,116.52677832368742,162.78694830514942
165.68554118043247,139.81245446335126,150.42206661974757
114.18774654829885,151.48078708233757,162.84265668351188
126.53441353997229,119.20675465851008,163.28767854665557
100.19983257109928,140.06451726276768,148.43905919265407
154.8164429185176,153.05040726865695,163.79629318415022
126.29610776505646,127.56769874883295,130.31131362500807
137.98567407540523,115.1994696875402,157.8764858549208
141.25653895809646,133.36028720928536,163.9813753881513
123.12914564464441,174.99583367883037,162.65878438183702
140.008027800107,105.90719783115657,114.10378458729471
146.7732336667059,118.30475144357476,139.78631887667404
147.7827339685974,150.84812520982445,133.58221331500326
133.6657278688036,121.20016799347485,158.51676204432673
169.93621244080643,140.1928072888868,146.3129501430391
153.50465629270164,119.58020928934184,150.82042489754744
175.28598160830566,128.66199926070442,157.49521820738923
119.20032437217253,124.74789738810604,163.71435744570454
146.62525502397372,147.83732171533634,150.22522474429638
116.30716142712888,123.83646293723358,150.41176293824162
128.47433179902538,168.52581338080535,144.34310582022576
93.4925980169645,136.47443741254574,159.2817467621065
177.09165495001565,134.93447968034647,131.61107254976162
169.72574260272475,154.42888943612468,104.33753540868425
136.37346504630375,177.3606519176562,140.71872632968766
126.86459515856775,124.61447933141861,153.43792117894824
113.81251288604,138.16168812069736,159.41474310436396
170.9691548787926,127.07408115796366,148.26872157310441
124.70920366436346,130.94124527593695,154.414722983961
160.1619973405565,109.74512973910039,160.24140120899153
144.98987684778132,139.90455601497274,164.09461278894577
105.63427010053542,169.2783346332752,157.22488584410806
114.75806253252816,152.0447743471261,141.0061049681163
122.63090640661514,154.0057509283205,145.6576546503507
140.6559936544458,125.83271509198799,157.44936722016442
133.57247875312703,152.41195749504226,161.33836458695137
113.13856631307668,136.69169709825843,154.240835129612
101.98013578916026,138.25360635847952,139.3957636633726
150.16242793685024,125.03963033429739,158.38203664163126
124.12661709116897,132.9134853158076,146.1541558839282
129.54723832241487,104.93126893433525,160.18828600615475
146.9531442853716,166.25374713879683,157.24816634990285
144.49461103884758,145.88364840286044,155.85144393157395
165.10219441238067,164.10653869001274,134.69447713614835
137.51408310126342,145.5804254960718,156.84605902022182
139.08077045715189,125.94975592131506,156.7978449808655
154.84675563257375,120.74469280716605,163.76721085373967
139.32053315086137,132.0787754834656,150.6651043172311
129.02857286928602,127.1234711642856,118.95849008035455
119.63913382982622,126.13320607881805,160.10094482061194
146.21123949431592,150.15337677501637,138.5097166662336
125.61900370487658,105.03887279458657,141.46446022691035
140.7449129121071,165.12111823004219,152.23543857732224
166.09087494226785,170.1734559605157,163.92839098710266
153.49013461046698,152.84230378768453,158.93754480104124
137.1936985574644,121.74195168686808,157.6509661852249
156.2689275330317,92.23182004376635,162.7795185466931
87.99985333850078,154.38645772269143,155.35909352247617
139.24820004690545,149.19206331651216,148.93979125882285
151.94860631115304,162.60310985912204,160.54661127599104
154.3553134999843,143.34996296485443,134.22753708017527
154.9824804003413,148.17562948228093,128.85404621468373
169.5726759451116,157.30071340096333,162.93076326992804
130.72528035128065,94.4188539791047,150.14596599762825
117.09592440378228,145.48518386751923,163.82194767160098
150.7759828468242,156.41891386294083,155.4677976976184
140.2637569291547,147.51297894799066,157.9798856718825
157.53430495077953,135.2152816037989,151.87962059069474
152.08515716920837,154.6300146953008,158.11656105286022
99.30018628227218,166.28239625259357,152.30564914964293
129.22409932278464,133.52183914078242,158.73572093151822
140.54026060111514,101.95561088230517,162.69387921317585
169.60590089767794,174.84241980222237,151.31497493649294
147.83276774579284,155.45234051112885,161.44704009189945
159.67988308723287,111.2801142571298,159.21954469334736
93.29149313905572,129.748697037051,159.10718389530845
123.54414928480345,148.08328165009968,115.22060463896409
131.93787728274242,119.30277983127812,153.01222735913478
173.84217207617928,159.72125660427972,138.67958330990604
163.01397441118291,142.43026781363596,142.21587032286385
109.50809885166852,125.29281571821102,140.9390413253085
130.59820810274755,99.3486551815536,157.59605988045703
158.96224545908495,123.99734256784261,156.40108783363536
121.37055547041822,168.94430370418434,147.02835938222077
135.2870194678181,145.35541331281325,156.40410500245204
125.8763264183413,127.9206644607199,158.6243110326933
140.63950799504428,168.83355835431684,156.9597102540045
172.4781851198665,175.35049533802075,150.4212477161
146.60991448806465,163.84900540461086,163.7749498327426
134.48285581694796,162.72618024670712,161.08626513470753
138.65051800489974,133.45271422451663,130.8735852949776
120.96229581836718,152.11368266516638,161.6781413573075
149.95508715531378,149.88222451234876,162.8855916993666
158.33919651376917,177.62254323994844,158.9814174476984
140.6002863552071,144.7438044801786,163.66709916886785
122.13682434449699,127.911504392614,127.28246222118752
129.29358994346282,140.23825040351014,158.9415717058766
100.59545238132279,130.2857926051965,160.56602772347006
169.5666247400497,143.67509033765546,148.44263996300714
144.53282841001354,136.64225838749778,156.45696823233686
160.3635931048145,168.17181031141146,151.86668540261894
160.04411111718568,153.308094943926,160.18040478724512
145.5081757241775,168.5714554250818,157.94547477037895
102.66402895808919,136.59963708826183,145.42953164826423
126.03493573399237,161.90711937439704,160.67107429851183
128.61628720847546,120.02344397274587,160.53234254539916
158.17483688082552,121.41006620745016,130.93308507151286
156.66203426403632,146.32280137682756,152.82509498415337
164.78960995618266,139.2897519216714,151.9285795934085
174.80165157894277,117.59000906269947,149.87642301774497
118.7917459778059,172.45525012325638,153.39760750987006
135.38570715918766,170.0737459818826,161.16198489470784
157.8556269591476,160.44039924630295,163.82503749711412
148.14512275907322,176.1824435073114,163.96426140342703
119.87208370824561,111.76856865758153,153.83468252427653
132.19610981907508,146.85197741048677,149.42261564676775
150.32479285275448,115.57513663880135,163.94782956008314
150.75067959283518,142.59963298067194,142.03623341687089
139.84545637941056,143.70961814641234,150.6365476641054
159.93857260254208,143.08746620193233,156.29797226666693
127.95142705182589,142.7690660223367,163.61179718819773
178.62065174105777,159.9235755665805,117.1636133346172
79.80338273428836,156.47913409035738,155.8456378317686
160.02168526714937,150.61997457965705,164.05309487171357
126.98117002794018,137.30479773812118,163.81325856679769
138.85846944306147,143.59108026398195,157.8850856295911
150.36351553656527,162.8322731538869,150.01650971715844
160.71152359818046,117.88246369855145,151.18857189711318
172.14389663847467,149.86978705238184,163.55754700487952
158.33291687025127,163.23509499843345,155.42882496109257
143.2941171936806,134.7462941000763,152.24336108398813
141.65851482981319,101.83830506131541,161.588497100091
101.72711130429275,136.40324820463215,161.81939515584224
149.49137052604976,163.61214341478714,163.96223883787485
149.40211986432882,129.84343420655892,157.5443567795359
145.0725653387258,122.4552892965986,151.86006666376514
140.285372980876,141.39617524230528,160.93394665565512
122.74535403723117,116.67266055457942,151.48792937406134
110.97353181982119,127.52940275763703,163.103882006828
128.7294643339701,144.47224969611693,159.71133910343985
137.81200309029418,112.8705548955962,158.6540727972544
149.59974728133926,138.0410716787207,162.51910909089221
111.0525928720183,116.22219867315081,153.2181732670433
145.2635211718285,129.81458875261572,163.8199727883993
168.15607451356763,157.21614884563016,133.9163633977979
159.63388155936823,134.50190307993353,161.1761657383501
138.0812686485725,117.79135781378808,160.97137376880463
167.0492056275007,117.27469208939563,163.75010067114098
115.04083874870014,157.20091945328718,163.41759014178942
142.9730887475366,121.12186625343713,157.14839052876786
123.01170629441695,106.98570833931572,162.23057837580723
119.92010735706799,103.05478556644452,163.68579430002103
131.39964678096288,124.65271486227145,158.67883132036275
129.00100672713145,164.60745141433128,147.6603620896611
138.04977561370075,122.37750736033551,137.39282523067192
168.67158696095245,138.22129600286033,153.58897138407005
154.80364998072514,177.48941045927864,137.752309325693
123.21010429273142,106.77039895594609,97.76667652140216
135.00576207963715,112.1882532876727,150.0537821149556
153.4381869556476,90.29909178184133,151.2165061803439
119.09143587571829,107.97727509790782,162.71477527622062
125.76183495364401,161.0157459428764,161.59976869208091
141.55523297072693,108.8911591848097,160.37925363632806
127.57989604780117,93.69781561645561,139.40920047228576
139.0903990798773,166.55006275566925,145.34440054707872
137.03866139629417,169.7604831804286,119.24384923336483
162.10068548230115,116.91786779950493,141.30311466659577
163.47152286844974,98.66928380546832,163.7750317036882
143.8845177585793,140.9379487394263,133.13877571135612
139.16191453863678,135.62284156042378,161.42784197027612
148.0446258364774,159.287700036834,158.8434093524788
162.12496934546266,131.66006410017948,155.11181387348864
159.0092381747171,123.15590900642414,162.01440225881015
128.6607986831312,146.47170840656904,145.91385087218887
157.0391671136719,133.1460068614253,163.97795384871185
145.4781562432439,141.1443473386258,155.89151789459336
168.71785772109104,172.48804944444765,152.48496209643412
128.0788604895399,153.8410814948009,160.7234567811133
166.48065538545129,147.74750908384325,162.221349231533
139.38203467837513,172.16388586061876,144.85712092617246
155.46675616056675,134.3560544731215,130.08099030705665
169.14681293031973,164.57052610074442,163.88113466187116
131.58121071977362,124.95917965305105,157.6406333240459
148.37508140713493,142.51189943136836,148.43842045645195
127.61820512094795,124.89175890315455,155.31970628960664
102.0935193039497,142.38042942125375,163.83750316061483
137.22617079554266,138.21989405899043,163.30276120139015
137.68706897472626,168.05908596404922,164.10356687511344
161.75419670329782,144.48218292471785,141.7943681810889
122.55144637256684,131.491934895103,155.09442214813848
141.43018722724955,159.76355608356187,128.42843948110584
159.1783943192274,179.59026749395903,159.05823151464304
113.26894319406469,167.09122694527045,163.38647932905513
153.61740474482374,139.79283413807036,140.21588118261081
155.07457659173502,140.32313585759204,146.4119160154266
122.16813373144801,141.65941610841816,159.91267559457592
174.71527948414976,116.98697548093354,151.9500152683815
151.01700212449322,97.37688212386328,140.4531358123753
139.54136600742402,102.8475360746276,158.83807278446142
165.92808007054066,143.50982036891025,153.5920324016669
132.66980464529752,93.9530893985369,137.6289799043942
158.82542221487464,117.52523892323026,121.77030968559042
172.94819826328742,169.6098240788366,163.36751020975245
171.05930119860744,130.27516599606724,162.77112334581406
145.22002350114352,141.43432277320403,140.3478496487015
86.29163527552542,157.5104165711648,153.19736661794644
151.70014729622915,149.28534877876874,153.10929864704457
